Model,学习率,准确率,精确率,召回率,F1 值,AUC值,5折交叉验证的score
LightGBM,0.05,0.88764,0.9604737516163611,0.8863300150500011,0.9141298089730228,0.9991372904077309,0.88764
